transaction_id,account_id,amount,timestamp,type
TXN_000001,ACCT_0048,3805.63,2024-11-24T11:57:00,transfer
TXN_000002,ACCT_0033,3402.73,2024-10-10T01:04:00,transfer
TXN_000003,ACCT_0023,2264.79,2025-05-28T16:53:00,deposit
TXN_000004,ACCT_0031,3550.58,2025-11-25T17:57:00,transfer
TXN_000005,ACCT_0029,3106.65,2025-11-20T22:51:00,deposit
TXN_000006,ACCT_0013,4460.06,2025-04-13T02:05:00,payment
TXN_000007,ACCT_0058,898.17,2024-03-19T03:10:00,transfer
TXN_000008,ACCT_0008,3486.93,2025-05-23T04:55:00,withdrawal
TXN_000009,ACCT_0034,4760.76,2024-01-24T09:26:00,withdrawal
TXN_000010,ACCT_0031,1736.77,2025-03-30T23:41:00,deposit
TXN_000011,ACCT_0019,949.36,2024-01-23T07:53:00,transfer
TXN_000012,ACCT_0027,2895.63,2025-11-02T20:50:00,transfer
TXN_000013,ACCT_0032,2968.82,2025-12-14T16:53:00,payment
TXN_000014,ACCT_0030,1523.89,2024-05-15T09:10:00,transfer
TXN_000015,ACCT_0015,2423.79,2024-10-22T01:09:00,transfer
TXN_000016,ACCT_0019,2282.35,2024-06-19T19:59:00,withdrawal
TXN_000017,ACCT_0046,2678.91,2024-07-05T05:53:00,withdrawal
TXN_000018,ACCT_0011,1193.34,2024-02-12T10:36:00,withdrawal
TXN_000019,ACCT_0029,1305.73,2024-07-07T06:35:00,deposit
TXN_000020,ACCT_0043,1588.13,2024-12-18T04:23:00,payment
TXN_000021,ACCT_0035,4877.45,2025-06-30T09:07:00,deposit
TXN_000022,ACCT_0026,4655.69,2024-05-28T14:59:00,transfer
TXN_000023,ACCT_0010,26.45,2025-07-13T16:21:00,transfer
TXN_000024,ACCT_0031,4480.41,2025-08-10T21:09:00,payment
TXN_000025,ACCT_0022,3447.29,2025-05-05T01:08:00,deposit
TXN_000026,ACCT_0020,128.85,2025-09-24T07:28:00,transfer
TXN_000027,ACCT_0006,1635.20,2025-09-14T20:12:00,withdrawal
TXN_000028,ACCT_0051,4678.65,2024-10-11T06:01:00,deposit
TXN_000029,ACCT_0035,4248.01,2025-11-24T21:05:00,payment
TXN_000030,ACCT_0013,2454.87,2025-09-09T19:32:00,deposit
TXN_000031,ACCT_0059,3335.50,2025-02-11T04:45:00,payment
TXN_000032,ACCT_0024,1933.63,2024-01-13T09:22:00,transfer
TXN_000033,ACCT_0020,4887.73,2025-07-28T02:13:00,payment
TXN_000034,ACCT_0048,4963.02,2025-03-29T09:10:00,payment
TXN_000035,ACCT_0047,4482.66,2024-05-22T18:38:00,deposit
TXN_000036,ACCT_0010,1042.88,2025-05-01T16:21:00,deposit
TXN_000037,ACCT_0060,4800.68,2025-01-19T02:00:00,payment
TXN_000038,ACCT_0041,4572.48,2025-02-28T05:35:00,payment
TXN_000039,ACCT_0046,2841.74,2024-05-20T06:11:00,payment
TXN_000040,ACCT_0019,2771.57,2024-02-13T09:53:00,transfer
TXN_000041,ACCT_0032,2798.61,2025-04-19T07:01:00,deposit
TXN_000042,ACCT_0010,1317.07,2025-10-17T20:30:00,deposit
TXN_000043,ACCT_0042,3331.24,2024-10-21T13:11:00,payment
TXN_000044,ACCT_0059,3440.78,2024-09-07T00:07:00,transfer
TXN_000045,ACCT_0032,4971.69,2024-03-09T19:47:00,transfer
TXN_000046,ACCT_0038,2405.03,2025-03-22T08:40:00,payment
TXN_000047,ACCT_0045,4092.31,2025-01-17T16:46:00,deposit
TXN_000048,ACCT_0055,1301.39,2025-08-18T01:09:00,transfer
TXN_000049,ACCT_0030,4392.19,2024-05-18T11:10:00,deposit
TXN_000050,ACCT_0018,1809.01,2025-10-13T11:03:00,transfer
TXN_000051,ACCT_0019,2650.41,2024-03-19T16:12:00,withdrawal
TXN_000052,ACCT_0049,477.07,2024-06-20T17:20:00,transfer
TXN_000053,ACCT_0053,4225.75,2024-11-04T08:43:00,transfer
TXN_000054,ACCT_0007,2674.43,2024-12-26T04:00:00,withdrawal
TXN_000055,ACCT_0034,1410.68,2025-05-11T13:21:00,withdrawal
TXN_000056,ACCT_0007,1093.29,2025-05-30T07:53:00,withdrawal
TXN_000057,ACCT_0051,4485.80,2025-09-20T22:53:00,deposit
TXN_000058,ACCT_0027,2305.15,2024-03-19T03:52:00,withdrawal
TXN_000059,ACCT_0060,91.81,2024-12-22T09:44:00,transfer
TXN_000060,ACCT_0009,4086.11,2025-09-03T16:48:00,transfer
TXN_000061,ACCT_0012,3550.92,2024-01-30T23:52:00,deposit
TXN_000062,ACCT_0015,647.93,2025-12-11T04:44:00,withdrawal
TXN_000063,ACCT_0020,631.09,2024-05-13T02:27:00,deposit
TXN_000064,ACCT_0005,98.94,2025-05-10T13:02:00,withdrawal
TXN_000065,ACCT_0007,168.80,2025-11-06T16:37:00,deposit
TXN_000066,ACCT_0031,599.02,2024-09-16T01:04:00,transfer
TXN_000067,ACCT_0043,56.31,2024-04-08T03:58:00,withdrawal
TXN_000068,ACCT_0038,4506.37,2024-07-08T21:22:00,deposit
TXN_000069,ACCT_0006,732.06,2024-10-11T18:22:00,transfer
TXN_000070,ACCT_0011,4276.41,2025-09-19T07:32:00,deposit
TXN_000071,ACCT_0007,4098.83,2024-01-15T16:13:00,withdrawal
TXN_000072,ACCT_0019,863.01,2025-07-04T00:46:00,deposit
TXN_000073,ACCT_0060,1074.01,2025-05-31T22:30:00,transfer
TXN_000074,ACCT_0045,2948.96,2025-03-26T21:06:00,withdrawal
TXN_000075,ACCT_0054,1777.34,2025-01-23T13:13:00,withdrawal
TXN_000076,ACCT_0027,568.66,2024-11-17T03:29:00,deposit
TXN_000077,ACCT_0034,683.88,2025-01-04T22:18:00,deposit
TXN_000078,ACCT_0006,1643.94,2024-04-28T12:18:00,payment
TXN_000079,ACCT_0039,3682.19,2025-12-04T14:14:00,payment
TXN_000080,ACCT_0019,4924.89,2025-03-14T06:54:00,deposit
TXN_000081,ACCT_0058,4206.09,2025-05-02T21:23:00,withdrawal
TXN_000082,ACCT_0001,4993.62,2025-05-18T21:06:00,payment
TXN_000083,ACCT_0029,2615.70,2025-11-23T02:07:00,withdrawal
TXN_000084,ACCT_0026,2006.12,2025-08-27T03:47:00,withdrawal
TXN_000085,ACCT_0005,1821.73,2024-07-22T10:12:00,payment
TXN_000086,ACCT_0008,1168.18,2025-03-10T23:31:00,transfer
TXN_000087,ACCT_0049,3568.90,2025-08-18T18:17:00,payment
TXN_000088,ACCT_0023,2381.75,2025-09-09T12:31:00,transfer
TXN_000089,ACCT_0010,3841.16,2024-04-20T03:16:00,payment
TXN_000090,ACCT_0032,1157.95,2024-05-17T00:06:00,deposit
TXN_000091,ACCT_0054,345.80,2025-11-25T00:11:00,payment
TXN_000092,ACCT_0039,3397.63,2024-06-05T09:39:00,deposit
TXN_000093,ACCT_0049,387.20,2025-06-16T15:50:00,payment
TXN_000094,ACCT_0013,1471.35,2025-05-24T15:32:00,transfer
TXN_000095,ACCT_0035,1721.36,2025-07-07T17:01:00,deposit
TXN_000096,ACCT_0028,4401.23,2024-05-01T12:28:00,transfer
TXN_000097,ACCT_0055,1884.80,2025-04-15T01:02:00,withdrawal
TXN_000098,ACCT_0036,3298.76,2024-11-06T22:10:00,payment
TXN_000099,ACCT_0028,676.77,2025-02-02T15:48:00,deposit
TXN_000100,ACCT_0037,3376.75,2025-11-06T17:43:00,payment
TXN_000101,ACCT_0031,2813.47,2024-06-09T16:03:00,payment
TXN_000102,ACCT_0017,2475.98,2025-01-21T19:43:00,transfer
TXN_000103,ACCT_0050,4889.03,2024-11-24T01:01:00,deposit
TXN_000104,ACCT_0009,4185.49,2024-12-23T23:37:00,deposit
TXN_000105,ACCT_0049,4457.26,2024-12-15T12:06:00,payment
TXN_000106,ACCT_0023,4959.77,2025-02-25T11:03:00,withdrawal
TXN_000107,ACCT_0016,1176.94,2024-11-15T18:05:00,deposit
TXN_000108,ACCT_0056,1528.04,2024-12-11T05:01:00,transfer
TXN_000109,ACCT_0003,2307.24,2025-03-08T18:32:00,payment
TXN_000110,ACCT_0018,106.91,2025-04-25T18:01:00,transfer
TXN_000111,ACCT_0025,2853.92,2024-11-26T18:06:00,payment
TXN_000112,ACCT_0007,3455.87,2024-07-29T10:31:00,transfer
TXN_000113,ACCT_0011,3076.07,2025-01-07T13:12:00,payment
TXN_000114,ACCT_0041,4237.43,2024-03-18T17:13:00,transfer
TXN_000115,ACCT_0017,242.42,2025-08-10T12:51:00,withdrawal
TXN_000116,ACCT_0040,3715.73,2024-04-04T22:54:00,deposit
TXN_000117,ACCT_0038,1687.51,2024-03-09T18:51:00,payment
TXN_000118,ACCT_0028,1052.65,2024-03-19T20:52:00,transfer
TXN_000119,ACCT_0033,4021.61,2025-03-19T21:34:00,transfer
TXN_000120,ACCT_0013,2074.50,2024-09-14T19:32:00,payment
TXN_000121,ACCT_0043,3818.39,2024-07-03T00:40:00,withdrawal
TXN_000122,ACCT_0037,2498.52,2025-11-07T23:29:00,transfer
TXN_000123,ACCT_0060,3191.44,2025-09-21T13:59:00,deposit
TXN_000124,ACCT_0034,1007.24,2025-04-18T04:15:00,withdrawal
TXN_000125,ACCT_0048,3428.11,2024-11-03T13:26:00,transfer
TXN_000126,ACCT_0056,4151.92,2024-03-06T20:13:00,payment
TXN_000127,ACCT_0018,4119.43,2025-10-23T05:16:00,withdrawal
TXN_000128,ACCT_0026,1196.22,2024-06-02T06:01:00,withdrawal
TXN_000129,ACCT_0052,4137.01,2025-04-20T15:35:00,payment
TXN_000130,ACCT_0028,3236.38,2024-02-07T06:10:00,transfer
TXN_000131,ACCT_0009,150.56,2024-10-11T21:35:00,withdrawal
TXN_000132,ACCT_0042,4263.34,2025-05-12T00:03:00,deposit
TXN_000133,ACCT_0021,3009.99,2024-03-06T13:57:00,transfer
TXN_000134,ACCT_0043,3288.87,2024-04-02T12:53:00,withdrawal
TXN_000135,ACCT_0016,564.10,2025-05-27T03:33:00,transfer
TXN_000136,ACCT_0032,4423.40,2024-08-31T19:07:00,transfer
TXN_000137,ACCT_0022,4162.51,2025-02-03T23:47:00,withdrawal
TXN_000138,ACCT_0060,2117.23,2024-05-27T03:11:00,withdrawal
TXN_000139,ACCT_0018,2200.18,2024-09-17T18:03:00,payment
TXN_000140,ACCT_0035,1876.65,2024-04-25T10:34:00,payment
TXN_000141,ACCT_0031,3415.28,2024-10-11T04:23:00,payment
TXN_000142,ACCT_0046,1841.86,2024-11-11T00:41:00,deposit
TXN_000143,ACCT_0054,3698.55,2024-02-25T22:58:00,withdrawal
TXN_000144,ACCT_0017,2765.88,2024-11-12T20:44:00,transfer
TXN_000145,ACCT_0058,4062.19,2024-05-04T17:55:00,withdrawal
TXN_000146,ACCT_0055,2214.80,2024-01-09T12:59:00,transfer
TXN_000147,ACCT_0020,455.80,2024-08-29T09:13:00,withdrawal
TXN_000148,ACCT_0059,2197.04,2024-11-20T20:26:00,deposit
TXN_000149,ACCT_0018,4332.89,2025-05-18T15:47:00,payment
TXN_000150,ACCT_0060,4206.61,2025-03-08T03:52:00,withdrawal
TXN_000151,ACCT_0045,1308.55,2024-03-08T11:26:00,transfer
TXN_000152,ACCT_0030,3477.57,2024-02-23T20:41:00,withdrawal
TXN_000153,ACCT_0041,2219.81,2025-10-18T04:00:00,payment
TXN_000154,ACCT_0013,3143.34,2024-11-17T18:05:00,deposit
TXN_000155,ACCT_0011,1251.77,2025-12-31T20:48:00,withdrawal
TXN_000156,ACCT_0055,2972.11,2025-02-24T10:28:00,payment
TXN_000157,ACCT_0056,3677.18,2024-09-23T05:43:00,transfer
TXN_000158,ACCT_0052,1412.58,2024-03-27T13:23:00,withdrawal
TXN_000159,ACCT_0026,4382.57,2025-08-07T07:01:00,deposit
TXN_000160,ACCT_0060,2794.86,2025-09-18T20:14:00,deposit
TXN_000161,ACCT_0030,995.34,2025-12-19T05:03:00,payment
TXN_000162,ACCT_0040,2147.37,2024-09-23T04:05:00,transfer
TXN_000163,ACCT_0011,4736.48,2024-04-30T00:45:00,payment
TXN_000164,ACCT_0050,4600.35,2025-04-09T21:31:00,deposit
TXN_000165,ACCT_0015,3569.25,2024-07-14T08:18:00,payment
TXN_000166,ACCT_0025,655.35,2024-07-30T19:13:00,transfer
TXN_000167,ACCT_0047,3387.56,2025-03-04T05:26:00,withdrawal
TXN_000168,ACCT_0002,1454.51,2024-09-25T07:39:00,payment
TXN_000169,ACCT_0059,1245.35,2025-08-19T21:41:00,payment
TXN_000170,ACCT_0006,56.55,2024-05-16T10:44:00,payment
TXN_000171,ACCT_0044,1065.03,2025-01-27T22:27:00,transfer
TXN_000172,ACCT_0005,480.92,2024-03-01T01:21:00,withdrawal
TXN_000173,ACCT_0031,4541.59,2025-09-12T21:51:00,deposit
TXN_000174,ACCT_0001,1272.02,2025-09-26T12:19:00,payment
TXN_000175,ACCT_0043,1857.65,2025-07-26T01:37:00,withdrawal
TXN_000176,ACCT_0017,853.48,2025-05-19T10:56:00,payment
TXN_000177,ACCT_0009,452.79,2025-12-28T16:27:00,withdrawal
TXN_000178,ACCT_0017,588.63,2024-02-15T04:31:00,transfer
TXN_000179,ACCT_0048,1806.16,2025-03-16T09:57:00,transfer
TXN_000180,ACCT_0040,4148.80,2024-09-27T16:20:00,payment
TXN_000181,ACCT_0058,829.09,2025-05-18T04:35:00,payment
TXN_000182,ACCT_0004,948.66,2024-02-25T07:11:00,deposit
TXN_000183,ACCT_0031,1304.82,2025-12-23T14:27:00,deposit
TXN_000184,ACCT_0058,4636.40,2024-02-11T14:22:00,payment
TXN_000185,ACCT_0030,2467.48,2024-05-31T03:22:00,deposit
TXN_000186,ACCT_0014,4341.52,2024-07-03T05:47:00,transfer
TXN_000187,ACCT_0037,4455.02,2025-08-22T06:37:00,deposit
TXN_000188,ACCT_0034,3835.40,2024-07-03T13:58:00,deposit
TXN_000189,ACCT_0016,3842.43,2025-11-24T03:56:00,transfer
TXN_000190,ACCT_0002,1424.98,2025-11-27T03:25:00,transfer
TXN_000191,ACCT_0038,4646.10,2024-04-18T10:09:00,deposit
TXN_000192,ACCT_0006,2303.86,2025-12-25T21:30:00,payment
TXN_000193,ACCT_0041,4776.23,2025-08-31T21:00:00,transfer
TXN_000194,ACCT_0003,3282.58,2025-04-08T10:46:00,withdrawal
TXN_000195,ACCT_0014,4317.08,2025-10-21T09:20:00,deposit
TXN_000196,ACCT_0048,358.27,2025-09-08T12:05:00,payment
TXN_000197,ACCT_0017,894.16,2025-02-12T02:01:00,withdrawal
TXN_000198,ACCT_0011,1945.57,2025-02-16T09:41:00,withdrawal
TXN_000199,ACCT_0008,1496.24,2025-03-18T23:51:00,transfer
TXN_000200,ACCT_0058,3426.38,2024-05-14T11:42:00,deposit
TXN_000201,ACCT_0054,1840.45,2024-07-23T15:28:00,payment
TXN_000202,ACCT_0031,1346.05,2025-09-06T13:05:00,payment
TXN_000203,ACCT_0052,1844.34,2024-07-09T13:40:00,payment
TXN_000204,ACCT_0006,206.99,2024-12-15T14:43:00,withdrawal
TXN_000205,ACCT_0042,3432.75,2024-06-07T15:33:00,deposit
TXN_000206,ACCT_0019,2343.75,2024-03-22T15:19:00,withdrawal
TXN_000207,ACCT_0009,3423.15,2024-11-03T07:33:00,payment
TXN_000208,ACCT_0019,2844.84,2025-07-18T02:58:00,deposit
TXN_000209,ACCT_0033,542.62,2025-03-11T13:06:00,payment
TXN_000210,ACCT_0043,3602.95,2024-09-16T11:16:00,deposit
TXN_000211,ACCT_0050,2519.71,2024-04-26T23:42:00,payment
TXN_000212,ACCT_0012,3931.95,2025-02-06T01:05:00,payment
TXN_000213,ACCT_0057,3523.37,2024-11-17T18:46:00,payment
TXN_000214,ACCT_0049,3352.95,2025-09-30T08:21:00,withdrawal
TXN_000215,ACCT_0014,929.51,2025-09-10T08:55:00,deposit
TXN_000216,ACCT_0028,2674.21,2024-01-06T12:07:00,deposit
TXN_000217,ACCT_0011,3280.73,2025-04-16T22:25:00,payment
TXN_000218,ACCT_0020,3094.40,2025-09-23T11:44:00,payment
TXN_000219,ACCT_0052,1516.77,2024-05-08T04:00:00,withdrawal
TXN_000220,ACCT_0008,4080.76,2025-12-13T06:54:00,deposit
TXN_000221,ACCT_0014,2408.18,2024-05-28T20:15:00,payment
TXN_000222,ACCT_0054,3132.17,2025-07-05T06:05:00,transfer
TXN_000223,ACCT_0050,2319.81,2025-04-30T13:01:00,deposit
TXN_000224,ACCT_0011,4512.56,2025-12-20T14:31:00,payment
TXN_000225,ACCT_0002,4299.68,2025-08-22T07:12:00,transfer
TXN_000226,ACCT_0037,4148.11,2025-02-05T01:21:00,deposit
TXN_000227,ACCT_0007,3153.90,2025-12-31T13:26:00,payment
TXN_000228,ACCT_0048,2895.41,2025-07-21T09:02:00,payment
TXN_000229,ACCT_0026,2433.07,2025-08-28T23:39:00,payment
TXN_000230,ACCT_0015,3572.88,2025-06-24T00:27:00,transfer
TXN_000231,ACCT_0036,322.24,2025-10-25T13:56:00,payment
TXN_000232,ACCT_0008,2476.47,2025-10-23T11:28:00,payment
TXN_000233,ACCT_0002,810.86,2024-07-15T15:22:00,payment
TXN_000234,ACCT_0015,2540.64,2025-08-24T21:21:00,payment
TXN_000235,ACCT_0009,4416.45,2025-12-29T12:26:00,transfer
TXN_000236,ACCT_0051,2364.26,2024-06-14T19:13:00,transfer
TXN_000237,ACCT_0045,3747.53,2025-11-14T15:08:00,withdrawal
TXN_000238,ACCT_0013,785.79,2025-05-18T03:50:00,payment
TXN_000239,ACCT_0032,1521.74,2024-08-02T17:03:00,deposit
TXN_000240,ACCT_0023,4405.13,2024-12-31T21:10:00,withdrawal
TXN_000241,ACCT_0053,4298.01,2025-05-30T01:51:00,deposit
TXN_000242,ACCT_0022,2155.95,2025-09-24T07:07:00,withdrawal
TXN_000243,ACCT_0032,1292.82,2024-12-14T11:49:00,deposit
TXN_000244,ACCT_0050,4389.18,2024-09-30T04:54:00,deposit
TXN_000245,ACCT_0046,256.86,2025-03-24T14:53:00,deposit
TXN_000246,ACCT_0007,3909.35,2025-09-16T03:52:00,deposit
TXN_000247,ACCT_0033,531.53,2025-10-07T03:55:00,withdrawal
TXN_000248,ACCT_0059,1811.38,2024-10-26T22:28:00,payment
TXN_000249,ACCT_0047,4353.11,2024-06-06T20:23:00,transfer
TXN_000250,ACCT_0053,693.17,2024-07-25T14:26:00,deposit
TXN_000251,ACCT_0016,4174.89,2025-04-30T10:18:00,withdrawal
TXN_000252,ACCT_0006,1333.75,2025-02-28T11:40:00,withdrawal
TXN_000253,ACCT_0010,3767.27,2025-06-26T13:50:00,withdrawal
TXN_000254,ACCT_0009,4009.83,2025-02-27T13:57:00,payment
TXN_000255,ACCT_0055,2583.20,2025-11-29T11:01:00,payment
TXN_000256,ACCT_0010,3851.91,2025-06-13T02:05:00,transfer
TXN_000257,ACCT_0021,2011.25,2024-06-17T13:03:00,payment
TXN_000258,ACCT_0049,190.28,2025-10-18T04:57:00,deposit
TXN_000259,ACCT_0041,4900.34,2025-11-07T16:18:00,payment
TXN_000260,ACCT_0026,4429.49,2025-12-18T17:55:00,transfer
TXN_000261,ACCT_0047,3714.77,2024-12-18T00:52:00,transfer
TXN_000262,ACCT_0058,2641.32,2024-05-30T22:25:00,payment
TXN_000263,ACCT_0042,1029.64,2025-07-11T19:50:00,payment
TXN_000264,ACCT_0045,1729.53,2025-10-26T12:49:00,withdrawal
TXN_000265,ACCT_0057,1511.15,2024-02-07T17:21:00,payment
TXN_000266,ACCT_0047,3595.81,2024-05-09T16:34:00,transfer
TXN_000267,ACCT_0014,468.63,2025-07-19T09:33:00,transfer
TXN_000268,ACCT_0049,3180.25,2024-01-24T00:56:00,transfer
TXN_000269,ACCT_0016,4161.98,2024-11-07T23:27:00,deposit
TXN_000270,ACCT_0047,304.43,2025-01-16T08:40:00,transfer
TXN_000271,ACCT_0008,243.43,2025-10-28T03:28:00,transfer
TXN_000272,ACCT_0037,3685.61,2025-04-09T10:15:00,withdrawal
TXN_000273,ACCT_0023,1499.51,2025-11-13T22:36:00,withdrawal
TXN_000274,ACCT_0046,1891.44,2024-09-10T03:20:00,withdrawal
TXN_000275,ACCT_0053,3893.85,2025-04-10T03:09:00,payment
TXN_000276,ACCT_0054,2063.20,2024-04-04T01:27:00,withdrawal
TXN_000277,ACCT_0031,1077.85,2024-03-20T11:43:00,payment
TXN_000278,ACCT_0038,2797.05,2025-02-08T08:37:00,payment
TXN_000279,ACCT_0041,2119.99,2025-03-26T22:59:00,payment
TXN_000280,ACCT_0047,4866.50,2024-06-15T04:32:00,withdrawal
TXN_000281,ACCT_0032,3557.20,2024-05-12T22:32:00,deposit
TXN_000282,ACCT_0045,1067.15,2025-04-29T01:47:00,withdrawal
TXN_000283,ACCT_0036,1849.81,2024-05-01T19:54:00,payment
TXN_000284,ACCT_0008,608.73,2025-08-08T09:02:00,withdrawal
TXN_000285,ACCT_0008,1860.48,2025-01-18T09:18:00,payment
TXN_000286,ACCT_0002,3957.06,2024-05-25T18:26:00,deposit
TXN_000287,ACCT_0060,4471.79,2024-10-17T06:11:00,payment
TXN_000288,ACCT_0001,616.03,2024-12-23T02:55:00,deposit
TXN_000289,ACCT_0027,2408.48,2024-11-13T18:28:00,transfer
TXN_000290,ACCT_0051,1889.64,2025-09-12T04:48:00,withdrawal
TXN_000291,ACCT_0033,3184.12,2025-04-05T21:28:00,withdrawal
TXN_000292,ACCT_0056,3640.68,2024-04-01T19:42:00,payment
TXN_000293,ACCT_0025,1167.95,2025-02-08T10:34:00,deposit
TXN_000294,ACCT_0043,4450.77,2024-10-11T20:05:00,withdrawal
TXN_000295,ACCT_0046,128.90,2025-10-07T22:19:00,deposit
TXN_000296,ACCT_0042,2798.97,2024-07-16T19:34:00,deposit
TXN_000297,ACCT_0037,2611.16,2025-05-02T16:57:00,deposit
TXN_000298,ACCT_0008,3292.98,2025-06-28T05:01:00,transfer
TXN_000299,ACCT_0051,1033.00,2025-12-23T18:28:00,deposit
TXN_000300,ACCT_0052,2670.05,2024-11-24T12:37:00,deposit
TXN_000301,ACCT_0032,4310.56,2024-01-24T10:27:00,withdrawal
TXN_000302,ACCT_0027,125.16,2025-06-24T10:24:00,transfer
TXN_000303,ACCT_0006,577.65,2024-04-11T17:10:00,transfer
TXN_000304,ACCT_0010,917.43,2024-04-01T04:19:00,payment
TXN_000305,ACCT_0044,850.11,2025-09-21T10:11:00,deposit
TXN_000306,ACCT_0046,297.22,2025-02-03T03:20:00,withdrawal
TXN_000307,ACCT_0027,4465.59,2024-09-21T12:52:00,deposit
TXN_000308,ACCT_0004,1016.78,2025-09-03T18:15:00,payment
TXN_000309,ACCT_0033,3763.19,2025-01-29T03:17:00,deposit
TXN_000310,ACCT_0021,2326.79,2025-02-20T02:30:00,deposit
TXN_000311,ACCT_0027,3169.54,2024-01-20T08:35:00,deposit
TXN_000312,ACCT_0016,3816.08,2025-10-29T04:19:00,payment
TXN_000313,ACCT_0029,424.12,2025-10-13T16:13:00,withdrawal
TXN_000314,ACCT_0024,2704.50,2024-06-21T07:34:00,payment
TXN_000315,ACCT_0059,2777.99,2024-02-12T00:52:00,payment
TXN_000316,ACCT_0054,3105.55,2025-10-30T05:00:00,deposit
TXN_000317,ACCT_0060,4609.44,2024-10-06T19:16:00,payment
TXN_000318,ACCT_0023,4212.98,2024-08-05T18:53:00,transfer
TXN_000319,ACCT_0003,811.27,2025-06-30T18:04:00,transfer
TXN_000320,ACCT_0006,1979.55,2024-05-05T04:46:00,transfer
TXN_000321,ACCT_0057,2162.65,2025-09-17T16:51:00,transfer
TXN_000322,ACCT_0057,3412.09,2024-12-16T20:16:00,payment
TXN_000323,ACCT_0018,1233.41,2024-11-25T10:13:00,payment
TXN_000324,ACCT_0039,1645.64,2025-12-09T04:41:00,deposit
TXN_000325,ACCT_0039,2385.26,2024-01-10T21:11:00,payment
TXN_000326,ACCT_0036,4476.86,2025-12-21T15:48:00,payment
TXN_000327,ACCT_0035,410.34,2025-10-26T20:04:00,deposit
TXN_000328,ACCT_0058,4161.26,2025-11-18T14:43:00,deposit
TXN_000329,ACCT_0023,4860.33,2025-01-20T19:22:00,payment
TXN_000330,ACCT_0012,4196.53,2025-12-14T00:07:00,payment
TXN_000331,ACCT_0024,4681.56,2025-03-31T00:14:00,deposit
TXN_000332,ACCT_0049,1409.27,2025-12-27T11:12:00,deposit
TXN_000333,ACCT_0053,3069.15,2024-11-06T22:14:00,withdrawal
TXN_000334,ACCT_0032,4836.65,2024-02-07T08:31:00,withdrawal
TXN_000335,ACCT_0001,984.45,2025-10-15T12:07:00,transfer
TXN_000336,ACCT_0037,2504.13,2024-06-23T17:12:00,withdrawal
TXN_000337,ACCT_0005,2942.88,2024-03-07T04:16:00,withdrawal
TXN_000338,ACCT_0057,2617.78,2024-10-07T06:54:00,deposit
TXN_000339,ACCT_0045,3390.28,2025-09-21T08:43:00,payment
TXN_000340,ACCT_0001,4689.76,2025-10-18T21:41:00,deposit
TXN_000341,ACCT_0055,4694.10,2025-03-18T13:17:00,deposit
TXN_000342,ACCT_0044,2593.88,2025-05-22T11:33:00,deposit
TXN_000343,ACCT_0057,3607.50,2024-02-18T08:58:00,payment
TXN_000344,ACCT_0035,2247.06,2024-01-06T12:12:00,transfer
TXN_000345,ACCT_0006,4401.09,2024-01-26T23:14:00,payment
TXN_000346,ACCT_0005,4585.39,2024-07-20T05:21:00,transfer
TXN_000347,ACCT_0005,3131.84,2024-04-09T00:30:00,payment
TXN_000348,ACCT_0052,125.00,2025-10-03T10:53:00,transfer
TXN_000349,ACCT_0016,543.66,2024-09-01T10:53:00,deposit
TXN_000350,ACCT_0053,1671.27,2024-08-30T02:49:00,payment
TXN_000351,ACCT_0049,482.88,2025-04-02T18:07:00,deposit
TXN_000352,ACCT_0004,4583.99,2025-01-21T10:56:00,deposit
TXN_000353,ACCT_0051,642.04,2025-03-28T01:19:00,payment
TXN_000354,ACCT_0005,513.63,2024-02-27T17:03:00,transfer
TXN_000355,ACCT_0055,1910.37,2024-04-08T19:48:00,payment
TXN_000356,ACCT_0015,4323.59,2025-11-06T19:00:00,payment
TXN_000357,ACCT_0025,2323.72,2025-03-14T19:39:00,deposit
TXN_000358,ACCT_0022,3256.35,2025-11-22T00:29:00,transfer
TXN_000359,ACCT_0038,966.44,2024-04-15T00:38:00,deposit
TXN_000360,ACCT_0038,3948.14,2024-07-17T18:08:00,transfer
TXN_000361,ACCT_0023,2107.93,2025-09-27T14:11:00,withdrawal
TXN_000362,ACCT_0009,3986.14,2024-03-02T04:19:00,payment
TXN_000363,ACCT_0033,4798.91,2025-01-01T09:37:00,withdrawal
TXN_000364,ACCT_0010,2350.27,2025-09-09T10:18:00,transfer
TXN_000365,ACCT_0001,2590.81,2025-11-04T21:09:00,deposit
TXN_000366,ACCT_0016,2538.00,2025-07-26T01:27:00,transfer
TXN_000367,ACCT_0013,4882.67,2025-10-17T06:50:00,deposit
TXN_000368,ACCT_0022,950.83,2025-05-02T22:44:00,payment
TXN_000369,ACCT_0039,3463.61,2025-08-15T18:21:00,transfer
TXN_000370,ACCT_0027,1646.45,2024-04-17T14:56:00,deposit
TXN_000371,ACCT_0032,1100.93,2024-01-04T20:14:00,withdrawal
TXN_000372,ACCT_0030,3121.48,2024-09-01T15:47:00,transfer
TXN_000373,ACCT_0052,3701.71,2024-07-29T12:11:00,deposit
TXN_000374,ACCT_0024,54.41,2025-01-01T00:35:00,deposit
TXN_000375,ACCT_0010,1456.43,2024-07-18T20:37:00,transfer
TXN_000376,ACCT_0003,4876.67,2024-07-22T06:18:00,withdrawal
TXN_000377,ACCT_0015,4427.48,2024-06-27T10:54:00,withdrawal
TXN_000378,ACCT_0012,983.96,2024-06-29T08:58:00,deposit
TXN_000379,ACCT_0002,4158.07,2024-05-20T12:41:00,deposit
TXN_000380,ACCT_0022,4680.89,2024-11-08T14:15:00,transfer
TXN_000381,ACCT_0052,1864.89,2024-06-24T16:51:00,payment
TXN_000382,ACCT_0057,3556.16,2024-05-01T04:56:00,withdrawal
TXN_000383,ACCT_0051,952.26,2025-06-29T12:44:00,transfer
TXN_000384,ACCT_0021,2999.75,2025-10-13T07:58:00,deposit
TXN_000385,ACCT_0049,3082.06,2024-07-12T17:18:00,withdrawal
TXN_000386,ACCT_0021,1239.62,2025-10-06T08:55:00,withdrawal
TXN_000387,ACCT_0055,2543.81,2025-08-21T15:13:00,deposit
TXN_000388,ACCT_0051,2355.98,2025-11-10T19:04:00,withdrawal
TXN_000389,ACCT_0033,1943.64,2025-10-22T16:23:00,payment
TXN_000390,ACCT_0034,2324.02,2024-11-25T22:23:00,payment
TXN_000391,ACCT_0046,4778.98,2025-04-30T08:37:00,payment
TXN_000392,ACCT_0041,4606.32,2025-08-20T20:02:00,withdrawal
TXN_000393,ACCT_0015,4474.95,2025-04-07T07:25:00,withdrawal
TXN_000394,ACCT_0020,2127.99,2025-01-21T18:10:00,transfer
TXN_000395,ACCT_0017,2755.01,2024-05-17T02:18:00,payment
TXN_000396,ACCT_0034,1761.12,2025-08-20T01:29:00,transfer
TXN_000397,ACCT_0028,2258.50,2025-03-18T13:23:00,payment
TXN_000398,ACCT_0021,1368.73,2024-01-26T05:28:00,withdrawal
TXN_000399,ACCT_0017,3228.55,2025-01-02T02:18:00,deposit
TXN_000400,ACCT_0051,1385.74,2024-08-21T03:07:00,deposit
TXN_000401,ACCT_0024,196.22,2024-07-24T10:12:00,transfer
TXN_000402,ACCT_0017,1517.06,2025-11-30T08:12:00,withdrawal
TXN_000403,ACCT_0055,3763.15,2025-07-10T08:00:00,transfer
TXN_000404,ACCT_0019,4112.43,2025-02-17T12:52:00,deposit
TXN_000405,ACCT_0031,3272.18,2024-06-01T12:14:00,withdrawal
TXN_000406,ACCT_0047,3746.94,2025-04-30T07:33:00,payment
TXN_000407,ACCT_0047,4072.92,2024-12-14T02:20:00,withdrawal
TXN_000408,ACCT_0028,3851.80,2025-12-15T13:13:00,payment
TXN_000409,ACCT_0029,4265.46,2024-01-31T11:08:00,withdrawal
TXN_000410,ACCT_0020,4717.05,2024-01-10T15:51:00,transfer
TXN_000411,ACCT_0022,1131.33,2025-03-11T21:48:00,payment
TXN_000412,ACCT_0049,3894.32,2025-07-04T09:20:00,deposit
TXN_000413,ACCT_0037,3927.86,2024-05-22T04:21:00,payment
TXN_000414,ACCT_0025,1025.00,2025-02-04T02:34:00,payment
TXN_000415,ACCT_0013,2376.51,2024-12-02T18:28:00,transfer
TXN_000416,ACCT_0006,861.26,2025-11-22T17:11:00,deposit
TXN_000417,ACCT_0053,3446.68,2025-05-15T00:11:00,withdrawal
TXN_000418,ACCT_0005,4557.17,2025-01-30T09:13:00,withdrawal
TXN_000419,ACCT_0019,3299.55,2024-03-12T14:03:00,transfer
TXN_000420,ACCT_0034,60.18,2024-11-30T13:25:00,withdrawal
TXN_000421,ACCT_0008,650.04,2025-03-04T15:47:00,deposit
TXN_000422,ACCT_0025,4775.71,2024-07-30T04:55:00,withdrawal
TXN_000423,ACCT_0020,2163.84,2025-12-27T21:30:00,withdrawal
TXN_000424,ACCT_0039,2877.58,2024-11-13T18:12:00,payment
TXN_000425,ACCT_0018,1012.51,2024-05-26T14:04:00,payment
TXN_000426,ACCT_0039,4038.79,2025-06-22T10:58:00,payment
TXN_000427,ACCT_0030,2316.16,2024-02-10T23:05:00,transfer
TXN_000428,ACCT_0042,4405.57,2025-04-12T11:44:00,transfer
TXN_000429,ACCT_0026,3067.07,2024-06-28T13:15:00,withdrawal
TXN_000430,ACCT_0058,3090.59,2025-03-18T14:24:00,withdrawal
TXN_000431,ACCT_0045,2845.23,2025-02-06T22:02:00,withdrawal
TXN_000432,ACCT_0057,4353.35,2024-10-07T20:34:00,transfer
TXN_000433,ACCT_0043,4581.90,2025-12-15T23:46:00,withdrawal
TXN_000434,ACCT_0059,2469.97,2025-07-20T03:23:00,deposit
TXN_000435,ACCT_0049,530.60,2024-11-29T13:28:00,withdrawal
TXN_000436,ACCT_0017,1040.82,2024-02-15T14:01:00,deposit
TXN_000437,ACCT_0041,3473.96,2025-04-17T12:21:00,payment
TXN_000438,ACCT_0055,976.05,2024-02-08T00:16:00,deposit
TXN_000439,ACCT_0046,4586.10,2024-11-30T21:47:00,payment
TXN_000440,ACCT_0032,2309.48,2024-03-25T17:42:00,withdrawal
TXN_000441,ACCT_0046,4750.34,2024-05-23T15:52:00,transfer
TXN_000442,ACCT_0054,811.03,2024-01-19T19:06:00,withdrawal
TXN_000443,ACCT_0019,625.14,2025-02-04T05:04:00,deposit
TXN_000444,ACCT_0044,1369.90,2025-03-27T11:11:00,withdrawal
TXN_000445,ACCT_0046,177.05,2025-11-22T17:13:00,payment
TXN_000446,ACCT_0045,243.54,2025-10-12T16:41:00,deposit
TXN_000447,ACCT_0025,3453.28,2025-03-30T01:38:00,deposit
TXN_000448,ACCT_0004,3863.19,2024-07-25T07:23:00,withdrawal
TXN_000449,ACCT_0013,461.48,2025-03-07T00:00:00,transfer
TXN_000450,ACCT_0053,964.80,2025-11-16T02:14:00,deposit
TXN_000451,ACCT_0052,4177.75,2025-11-11T05:46:00,withdrawal
TXN_000452,ACCT_0003,2081.32,2024-04-20T10:20:00,withdrawal
TXN_000453,ACCT_0040,1039.56,2025-07-08T12:27:00,deposit
TXN_000454,ACCT_0015,1072.83,2024-12-31T10:11:00,deposit
TXN_000455,ACCT_0026,3271.69,2024-01-13T12:13:00,payment
TXN_000456,ACCT_0015,334.75,2024-10-12T20:39:00,transfer
TXN_000457,ACCT_0003,341.32,2024-08-11T13:19:00,payment
TXN_000458,ACCT_0007,3564.09,2025-08-05T05:16:00,deposit
TXN_000459,ACCT_0039,1625.15,2025-10-08T22:24:00,withdrawal
TXN_000460,ACCT_0022,880.78,2025-12-05T10:54:00,payment
TXN_000461,ACCT_0005,1678.85,2025-09-15T18:28:00,payment
TXN_000462,ACCT_0033,3204.76,2024-08-26T16:37:00,deposit
TXN_000463,ACCT_0015,110.96,2024-05-07T09:15:00,payment
TXN_000464,ACCT_0049,1221.51,2024-03-22T01:08:00,transfer
TXN_000465,ACCT_0032,1486.59,2024-06-04T12:13:00,deposit
TXN_000466,ACCT_0016,4617.43,2025-09-04T14:47:00,transfer
TXN_000467,ACCT_0009,1394.24,2025-10-21T01:33:00,payment
TXN_000468,ACCT_0042,4064.49,2024-01-25T07:54:00,transfer
TXN_000469,ACCT_0022,1215.03,2025-07-06T01:58:00,withdrawal
TXN_000470,ACCT_0052,3438.31,2024-08-15T19:55:00,payment
TXN_000471,ACCT_0034,1611.58,2025-03-28T20:00:00,deposit
TXN_000472,ACCT_0056,2460.75,2024-07-16T01:40:00,withdrawal
TXN_000473,ACCT_0014,632.18,2024-06-26T18:35:00,withdrawal
TXN_000474,ACCT_0016,2539.59,2025-03-12T23:29:00,transfer
TXN_000475,ACCT_0011,3609.76,2024-09-07T13:11:00,withdrawal
TXN_000476,ACCT_0020,1430.34,2025-04-04T20:12:00,transfer
TXN_000477,ACCT_0056,3907.54,2024-03-22T11:25:00,payment
TXN_000478,ACCT_0011,2356.21,2025-03-08T16:39:00,payment
TXN_000479,ACCT_0049,783.61,2025-05-08T00:48:00,payment
TXN_000480,ACCT_0028,4270.94,2024-11-03T19:34:00,withdrawal
TXN_000481,ACCT_0036,3634.61,2024-09-20T12:29:00,transfer
TXN_000482,ACCT_0030,1419.71,2025-07-29T19:30:00,deposit
TXN_000483,ACCT_0022,687.60,2025-04-25T06:09:00,withdrawal
TXN_000484,ACCT_0001,69.11,2025-05-27T23:46:00,transfer
TXN_000485,ACCT_0032,2025.75,2025-03-01T12:47:00,transfer
TXN_000486,ACCT_0025,2450.31,2025-10-18T18:04:00,payment
TXN_000487,ACCT_0057,198.94,2024-05-07T12:59:00,withdrawal
TXN_000488,ACCT_0013,3815.94,2024-09-18T23:22:00,payment
TXN_000489,ACCT_0041,3444.00,2025-12-14T01:41:00,payment
TXN_000490,ACCT_0060,2123.08,2024-09-09T07:30:00,deposit
TXN_000491,ACCT_0059,4066.57,2025-10-08T22:43:00,deposit
TXN_000492,ACCT_0045,3330.05,2024-05-31T08:38:00,payment
TXN_000493,ACCT_0044,741.10,2024-09-10T19:37:00,withdrawal
TXN_000494,ACCT_0001,588.07,2024-04-04T20:45:00,payment
TXN_000495,ACCT_0026,3531.82,2024-03-23T16:58:00,withdrawal
TXN_000496,ACCT_0057,2117.61,2025-03-13T08:44:00,transfer
TXN_000497,ACCT_0033,4838.58,2025-11-05T12:37:00,transfer
TXN_000498,ACCT_0047,2060.99,2024-04-01T03:40:00,transfer
TXN_000499,ACCT_0053,717.85,2024-08-02T23:25:00,transfer
TXN_000500,ACCT_0001,4935.19,2025-05-18T00:06:00,deposit
TXN_000501,ACCT_0050,3483.10,2025-06-21T13:41:00,transfer
TXN_000502,ACCT_0047,2157.59,2024-06-29T11:11:00,withdrawal
TXN_000503,ACCT_0013,2434.92,2025-05-29T03:28:00,withdrawal
TXN_000504,ACCT_0012,1008.70,2024-07-06T06:16:00,payment
TXN_000505,ACCT_0029,3136.05,2025-10-01T03:55:00,withdrawal
TXN_000506,ACCT_0006,1469.16,2025-01-21T03:17:00,deposit
TXN_000507,ACCT_0022,153.18,2024-08-28T15:31:00,deposit
TXN_000508,ACCT_0001,309.98,2024-01-08T21:37:00,deposit
TXN_000509,ACCT_0007,1059.29,2024-01-08T12:38:00,transfer
TXN_000510,ACCT_0060,2432.20,2024-12-11T19:27:00,transfer
TXN_000511,ACCT_0024,3410.89,2024-12-17T10:52:00,withdrawal
TXN_000512,ACCT_0024,3327.07,2025-01-22T19:03:00,transfer
TXN_000513,ACCT_0056,1654.62,2024-04-12T00:29:00,payment
TXN_000514,ACCT_0047,4177.93,2024-05-22T00:38:00,deposit
TXN_000515,ACCT_0056,2655.49,2025-12-17T07:23:00,payment
TXN_000516,ACCT_0040,3432.49,2025-05-01T16:26:00,withdrawal
TXN_000517,ACCT_0001,4930.98,2024-11-25T00:40:00,transfer
TXN_000518,ACCT_0056,233.54,2024-11-29T21:28:00,withdrawal
TXN_000519,ACCT_0039,2425.26,2025-09-19T02:22:00,payment
TXN_000520,ACCT_0060,4707.68,2025-05-02T21:54:00,deposit
TXN_000521,ACCT_0047,1927.37,2025-09-13T06:45:00,withdrawal
TXN_000522,ACCT_0056,2602.67,2025-08-08T22:32:00,deposit
TXN_000523,ACCT_0009,2492.14,2024-03-30T09:53:00,payment
TXN_000524,ACCT_0011,4482.56,2024-04-28T15:42:00,withdrawal
TXN_000525,ACCT_0016,1062.15,2025-11-06T22:05:00,deposit
TXN_000526,ACCT_0028,4966.84,2024-01-30T05:59:00,transfer
TXN_000527,ACCT_0058,1920.53,2024-10-14T07:46:00,transfer
TXN_000528,ACCT_0043,2384.13,2025-11-17T03:42:00,withdrawal
TXN_000529,ACCT_0060,2675.04,2025-05-18T02:50:00,transfer
TXN_000530,ACCT_0056,1122.91,2025-08-12T19:04:00,transfer
TXN_000531,ACCT_0025,4551.28,2025-01-25T20:41:00,payment
TXN_000532,ACCT_0052,1170.67,2024-09-22T03:18:00,deposit
TXN_000533,ACCT_0008,450.25,2025-08-29T06:47:00,deposit
TXN_000534,ACCT_0037,1841.85,2024-11-16T12:36:00,deposit
TXN_000535,ACCT_0020,314.12,2025-07-02T06:54:00,payment
TXN_000536,ACCT_0028,1601.62,2025-01-08T21:59:00,withdrawal
TXN_000537,ACCT_0034,3320.40,2025-08-27T07:06:00,payment
TXN_000538,ACCT_0001,2693.77,2025-04-16T10:09:00,transfer
TXN_000539,ACCT_0054,1098.43,2025-11-27T14:09:00,transfer
TXN_000540,ACCT_0010,3736.56,2025-12-20T01:38:00,transfer
TXN_000541,ACCT_0020,2514.38,2025-12-06T03:17:00,payment
TXN_000542,ACCT_0041,4144.29,2025-05-21T09:45:00,payment
TXN_000543,ACCT_0004,4905.81,2024-12-07T04:52:00,withdrawal
TXN_000544,ACCT_0055,3664.63,2024-08-18T22:47:00,deposit
TXN_000545,ACCT_0060,4327.83,2024-07-02T15:46:00,payment
TXN_000546,ACCT_0020,4922.03,2025-11-06T05:01:00,payment
TXN_000547,ACCT_0022,2115.08,2025-04-29T11:48:00,payment
TXN_000548,ACCT_0026,363.76,2024-10-16T09:44:00,withdrawal
TXN_000549,ACCT_0045,4281.98,2025-02-07T03:08:00,transfer
TXN_000550,ACCT_0049,3957.43,2024-02-25T22:19:00,payment
TXN_000551,ACCT_0042,822.65,2024-05-20T14:44:00,payment
TXN_000552,ACCT_0019,4486.60,2024-08-02T06:51:00,withdrawal
TXN_000553,ACCT_0048,3257.93,2025-01-05T23:54:00,deposit
TXN_000554,ACCT_0044,3928.57,2024-05-31T12:27:00,withdrawal
TXN_000555,ACCT_0060,286.38,2024-12-30T15:11:00,deposit
TXN_000556,ACCT_0008,4901.48,2025-10-27T10:37:00,payment
TXN_000557,ACCT_0010,3136.73,2025-02-17T07:02:00,deposit
TXN_000558,ACCT_0016,1986.24,2024-11-05T22:38:00,withdrawal
TXN_000559,ACCT_0042,3727.28,2025-12-09T21:42:00,deposit
TXN_000560,ACCT_0050,2321.05,2025-10-27T12:17:00,payment
TXN_000561,ACCT_0024,62.95,2024-04-29T02:07:00,payment
TXN_000562,ACCT_0042,3345.62,2025-06-05T07:01:00,payment
TXN_000563,ACCT_0018,3470.16,2024-04-06T18:11:00,payment
TXN_000564,ACCT_0031,4999.77,2025-12-20T13:19:00,withdrawal
TXN_000565,ACCT_0007,1629.52,2025-12-31T17:11:00,payment
TXN_000566,ACCT_0053,3505.21,2025-02-07T17:52:00,payment
TXN_000567,ACCT_0005,2596.91,2025-08-21T17:45:00,deposit
TXN_000568,ACCT_0049,3766.18,2025-11-05T03:11:00,withdrawal
TXN_000569,ACCT_0001,2775.84,2024-11-17T03:02:00,withdrawal
TXN_000570,ACCT_0037,1035.12,2024-06-14T02:35:00,transfer
TXN_000571,ACCT_0055,3766.58,2024-03-27T03:32:00,transfer
TXN_000572,ACCT_0024,4831.55,2024-06-24T13:42:00,deposit
TXN_000573,ACCT_0016,1506.50,2025-06-15T09:42:00,payment
TXN_000574,ACCT_0009,2887.47,2025-12-12T10:33:00,transfer
TXN_000575,ACCT_0039,2693.36,2024-08-02T22:06:00,deposit
TXN_000576,ACCT_0016,188.49,2024-05-25T09:54:00,withdrawal
TXN_000577,ACCT_0009,3012.71,2024-08-09T18:22:00,transfer
TXN_000578,ACCT_0009,3646.88,2025-03-08T02:35:00,transfer
TXN_000579,ACCT_0017,1912.00,2024-06-16T12:29:00,deposit
TXN_000580,ACCT_0017,3384.25,2025-12-12T04:34:00,withdrawal
TXN_000581,ACCT_0005,3149.69,2024-10-02T20:44:00,withdrawal
TXN_000582,ACCT_0046,1863.85,2025-11-04T20:52:00,withdrawal
TXN_000583,ACCT_0027,4108.73,2024-11-19T13:24:00,deposit
TXN_000584,ACCT_0039,1241.25,2024-10-03T03:34:00,deposit
TXN_000585,ACCT_0044,2744.10,2024-03-08T10:40:00,deposit
TXN_000586,ACCT_0024,4546.68,2024-10-06T04:55:00,withdrawal
TXN_000587,ACCT_0018,54.27,2025-01-21T07:24:00,deposit
TXN_000588,ACCT_0051,4628.55,2024-06-28T16:46:00,transfer
TXN_000589,ACCT_0038,4107.61,2025-05-16T03:33:00,transfer
TXN_000590,ACCT_0045,2862.93,2024-10-15T17:17:00,deposit
TXN_000591,ACCT_0058,244.58,2024-11-21T12:11:00,transfer
TXN_000592,ACCT_0052,3707.78,2025-06-28T17:38:00,payment
TXN_000593,ACCT_0031,2963.59,2024-09-22T00:43:00,withdrawal
TXN_000594,ACCT_0043,636.21,2025-01-22T18:47:00,transfer
TXN_000595,ACCT_0004,4592.62,2025-10-16T11:45:00,withdrawal
TXN_000596,ACCT_0044,3045.47,2025-12-24T14:11:00,payment
TXN_000597,ACCT_0023,3993.35,2025-05-29T09:17:00,payment
TXN_000598,ACCT_0034,4708.68,2024-08-22T09:40:00,deposit
TXN_000599,ACCT_0020,2035.54,2024-11-16T02:40:00,deposit
TXN_000600,ACCT_0005,3651.12,2024-04-05T05:36:00,deposit
TXN_000601,ACCT_0006,3718.33,2025-07-21T15:51:00,deposit
TXN_000602,ACCT_0028,3386.78,2024-05-19T15:31:00,deposit
TXN_000603,ACCT_0026,74.43,2024-07-13T23:00:00,payment
TXN_000604,ACCT_0045,2673.95,2024-12-19T07:47:00,deposit
TXN_000605,ACCT_0039,2246.02,2024-06-21T21:59:00,withdrawal
TXN_000606,ACCT_0012,380.24,2024-05-16T16:22:00,deposit
TXN_000607,ACCT_0028,2480.06,2024-06-23T11:07:00,transfer
TXN_000608,ACCT_0059,3396.92,2025-07-06T03:18:00,transfer
TXN_000609,ACCT_0031,1471.26,2024-08-06T00:47:00,payment
TXN_000610,ACCT_0014,4615.67,2025-10-20T16:52:00,deposit
TXN_000611,ACCT_0060,2317.97,2025-09-24T15:03:00,transfer
TXN_000612,ACCT_0001,3079.57,2024-12-02T09:22:00,deposit
TXN_000613,ACCT_0001,1751.86,2024-07-09T12:22:00,deposit
TXN_000614,ACCT_0007,2156.87,2024-07-21T02:33:00,withdrawal
TXN_000615,ACCT_0027,623.59,2025-05-14T00:09:00,transfer
TXN_000616,ACCT_0015,2356.14,2025-01-18T09:23:00,payment
TXN_000617,ACCT_0058,915.00,2024-10-02T03:28:00,payment
TXN_000618,ACCT_0011,703.67,2025-03-20T00:22:00,withdrawal
TXN_000619,ACCT_0008,951.89,2024-02-11T04:25:00,payment
TXN_000620,ACCT_0048,1659.41,2024-02-02T05:42:00,withdrawal
TXN_000621,ACCT_0031,4798.70,2024-09-29T03:26:00,payment
TXN_000622,ACCT_0036,2480.36,2025-11-29T22:08:00,transfer
TXN_000623,ACCT_0049,3823.14,2025-02-13T16:46:00,payment
TXN_000624,ACCT_0009,553.12,2024-04-20T00:08:00,withdrawal
TXN_000625,ACCT_0023,2502.50,2025-12-01T07:03:00,transfer
TXN_000626,ACCT_0028,4882.31,2024-01-09T13:30:00,transfer
TXN_000627,ACCT_0019,2432.22,2025-03-15T07:39:00,withdrawal
TXN_000628,ACCT_0047,2558.64,2024-09-12T08:49:00,deposit
TXN_000629,ACCT_0056,1321.34,2025-12-18T07:42:00,payment
TXN_000630,ACCT_0013,2372.09,2024-04-15T22:46:00,withdrawal
TXN_000631,ACCT_0013,4962.80,2025-08-28T20:40:00,withdrawal
TXN_000632,ACCT_0015,606.70,2025-02-14T01:17:00,withdrawal
TXN_000633,ACCT_0060,735.31,2024-01-19T19:12:00,deposit
TXN_000634,ACCT_0056,259.52,2025-02-21T16:19:00,withdrawal
TXN_000635,ACCT_0015,1684.21,2025-05-05T01:32:00,payment
TXN_000636,ACCT_0042,263.02,2024-04-22T08:23:00,transfer
TXN_000637,ACCT_0023,3559.37,2024-09-09T10:57:00,deposit
TXN_000638,ACCT_0012,209.24,2024-02-23T21:47:00,transfer
TXN_000639,ACCT_0014,1430.16,2024-10-13T19:06:00,payment
TXN_000640,ACCT_0012,1265.05,2025-05-18T11:21:00,transfer
TXN_000641,ACCT_0008,488.95,2024-01-14T21:35:00,withdrawal
TXN_000642,ACCT_0022,1806.04,2025-01-05T23:49:00,transfer
TXN_000643,ACCT_0016,3252.99,2024-08-03T18:24:00,deposit
TXN_000644,ACCT_0057,536.30,2025-10-06T23:38:00,deposit
TXN_000645,ACCT_0003,2934.87,2025-11-01T06:12:00,payment
TXN_000646,ACCT_0060,497.69,2025-07-13T19:21:00,transfer
TXN_000647,ACCT_0047,2373.62,2024-07-25T17:46:00,withdrawal
TXN_000648,ACCT_0003,643.52,2025-03-04T17:45:00,transfer
TXN_000649,ACCT_0058,4385.99,2025-07-27T11:57:00,transfer
TXN_000650,ACCT_0029,3151.17,2024-04-30T13:04:00,payment
TXN_000651,ACCT_0027,2621.19,2025-05-30T00:10:00,transfer
TXN_000652,ACCT_0045,4837.60,2024-10-23T01:36:00,deposit
TXN_000653,ACCT_0051,4862.51,2024-07-13T23:52:00,payment
TXN_000654,ACCT_0032,3425.05,2025-06-09T02:10:00,payment
TXN_000655,ACCT_0049,2548.85,2025-07-29T12:25:00,transfer
TXN_000656,ACCT_0014,924.41,2024-06-12T18:13:00,deposit
TXN_000657,ACCT_0057,4643.49,2025-06-09T14:32:00,transfer
TXN_000658,ACCT_0020,4263.11,2024-10-30T22:17:00,deposit
TXN_000659,ACCT_0011,1123.53,2025-06-30T07:18:00,deposit
TXN_000660,ACCT_0041,744.96,2024-10-11T04:17:00,deposit
TXN_000661,ACCT_0042,4900.22,2024-08-03T17:07:00,deposit
TXN_000662,ACCT_0042,1740.57,2025-09-11T11:20:00,deposit
TXN_000663,ACCT_0046,4420.51,2024-09-27T23:08:00,payment
TXN_000664,ACCT_0058,3059.35,2024-11-28T01:40:00,deposit
TXN_000665,ACCT_0053,1780.64,2024-10-13T05:16:00,deposit
TXN_000666,ACCT_0035,3288.30,2025-08-20T03:46:00,payment
TXN_000667,ACCT_0042,1290.44,2025-10-03T20:38:00,withdrawal
TXN_000668,ACCT_0053,2213.71,2024-11-28T08:13:00,payment
TXN_000669,ACCT_0010,2233.05,2025-03-20T11:09:00,payment
TXN_000670,ACCT_0006,2482.33,2025-04-15T05:52:00,withdrawal
TXN_000671,ACCT_0013,2850.44,2024-07-03T20:18:00,deposit
TXN_000672,ACCT_0020,818.78,2024-06-30T12:43:00,withdrawal
TXN_000673,ACCT_0005,721.89,2025-03-12T07:29:00,payment
TXN_000674,ACCT_0007,3622.91,2024-05-20T23:48:00,deposit
TXN_000675,ACCT_0039,503.15,2025-01-28T00:07:00,deposit
TXN_000676,ACCT_0049,4153.43,2024-02-14T04:15:00,deposit
TXN_000677,ACCT_0018,717.46,2025-10-04T19:00:00,deposit
TXN_000678,ACCT_0051,536.16,2024-12-12T22:05:00,withdrawal
TXN_000679,ACCT_0009,2404.73,2025-07-30T14:52:00,withdrawal
TXN_000680,ACCT_0020,1662.12,2024-06-07T07:03:00,transfer
TXN_000681,ACCT_0041,2720.35,2024-01-22T01:06:00,transfer
TXN_000682,ACCT_0007,2560.15,2025-03-01T04:00:00,withdrawal
TXN_000683,ACCT_0002,1137.24,2025-01-29T04:22:00,transfer
TXN_000684,ACCT_0015,4608.85,2025-12-01T12:43:00,deposit
TXN_000685,ACCT_0032,851.95,2024-04-22T07:06:00,transfer
TXN_000686,ACCT_0023,386.07,2024-12-07T03:23:00,deposit
TXN_000687,ACCT_0058,221.52,2024-06-03T05:27:00,transfer
TXN_000688,ACCT_0039,910.92,2025-03-11T04:57:00,transfer
TXN_000689,ACCT_0040,4088.72,2024-12-22T03:17:00,payment
TXN_000690,ACCT_0043,1848.72,2024-09-28T22:51:00,deposit
TXN_000691,ACCT_0051,15.88,2024-06-01T20:09:00,transfer
TXN_000692,ACCT_0010,1956.04,2025-05-04T02:07:00,payment
TXN_000693,ACCT_0047,1395.99,2024-04-02T10:08:00,withdrawal
TXN_000694,ACCT_0050,1928.16,2024-11-22T15:27:00,payment
TXN_000695,ACCT_0045,4864.38,2025-09-08T20:21:00,withdrawal
TXN_000696,ACCT_0052,4720.43,2024-09-08T12:26:00,payment
TXN_000697,ACCT_0035,2671.18,2025-06-29T17:52:00,withdrawal
TXN_000698,ACCT_0025,422.67,2025-03-07T16:36:00,withdrawal
TXN_000699,ACCT_0045,440.81,2025-01-05T00:13:00,deposit
TXN_000700,ACCT_0024,2794.08,2024-05-16T03:03:00,transfer
TXN_000701,ACCT_0024,4244.51,2024-05-22T09:29:00,withdrawal
TXN_000702,ACCT_0054,4267.29,2025-03-07T07:13:00,withdrawal
TXN_000703,ACCT_0004,3736.24,2024-04-30T22:45:00,withdrawal
TXN_000704,ACCT_0025,3666.74,2025-12-13T13:23:00,deposit
TXN_000705,ACCT_0045,534.52,2025-08-18T02:30:00,withdrawal
TXN_000706,ACCT_0002,738.70,2024-05-24T02:15:00,deposit
TXN_000707,ACCT_0001,2848.07,2025-03-02T04:48:00,withdrawal
TXN_000708,ACCT_0031,3719.07,2025-06-24T22:19:00,payment
TXN_000709,ACCT_0027,3614.17,2025-03-30T20:44:00,deposit
TXN_000710,ACCT_0019,560.78,2024-03-02T20:02:00,withdrawal
TXN_000711,ACCT_0033,805.94,2025-02-09T13:43:00,payment
TXN_000712,ACCT_0036,3558.48,2024-09-21T18:32:00,transfer
TXN_000713,ACCT_0046,1140.44,2024-06-09T08:05:00,payment
TXN_000714,ACCT_0009,3716.96,2025-02-14T19:03:00,withdrawal
TXN_000715,ACCT_0026,922.55,2025-07-26T19:53:00,deposit
TXN_000716,ACCT_0053,3463.67,2025-05-03T10:41:00,payment
TXN_000717,ACCT_0053,1905.45,2024-02-25T11:41:00,payment
TXN_000718,ACCT_0013,1353.25,2024-04-16T02:23:00,transfer
TXN_000719,ACCT_0002,1201.45,2024-06-15T17:06:00,deposit
TXN_000720,ACCT_0014,2987.57,2024-11-12T06:35:00,withdrawal
TXN_000721,ACCT_0041,4646.36,2024-09-03T08:05:00,deposit
TXN_000722,ACCT_0037,4932.54,2025-05-10T01:03:00,transfer
TXN_000723,ACCT_0006,4717.83,2024-01-09T11:48:00,transfer
TXN_000724,ACCT_0026,2503.58,2024-11-18T12:46:00,transfer
TXN_000725,ACCT_0009,3514.77,2024-04-09T10:26:00,deposit
TXN_000726,ACCT_0033,4038.43,2024-06-02T00:37:00,payment
TXN_000727,ACCT_0031,2933.86,2024-02-08T09:10:00,withdrawal
TXN_000728,ACCT_0044,2318.22,2025-10-02T02:45:00,withdrawal
TXN_000729,ACCT_0057,1082.16,2025-11-28T20:09:00,withdrawal
TXN_000730,ACCT_0033,2583.92,2025-09-15T20:33:00,transfer
TXN_000731,ACCT_0029,3927.83,2024-12-13T09:23:00,payment
TXN_000732,ACCT_0003,4453.95,2025-11-30T12:15:00,withdrawal
TXN_000733,ACCT_0040,3036.35,2024-06-05T18:40:00,payment
TXN_000734,ACCT_0007,4024.61,2024-05-26T09:35:00,deposit
TXN_000735,ACCT_0032,475.10,2024-11-17T05:59:00,transfer
TXN_000736,ACCT_0011,345.47,2025-08-13T11:22:00,deposit
TXN_000737,ACCT_0005,900.04,2025-04-16T08:30:00,transfer
TXN_000738,ACCT_0049,4383.91,2025-10-27T04:07:00,payment
TXN_000739,ACCT_0003,1820.54,2024-10-20T12:26:00,withdrawal
TXN_000740,ACCT_0029,1836.83,2025-10-01T10:23:00,deposit
TXN_000741,ACCT_0044,2068.91,2025-04-05T08:56:00,deposit
TXN_000742,ACCT_0040,4887.27,2024-02-28T23:50:00,withdrawal
TXN_000743,ACCT_0045,4107.07,2024-01-09T04:54:00,deposit
TXN_000744,ACCT_0019,1882.23,2025-08-06T12:54:00,deposit
TXN_000745,ACCT_0015,1944.17,2025-04-18T21:05:00,transfer
TXN_000746,ACCT_0030,2345.10,2025-07-01T14:06:00,deposit
TXN_000747,ACCT_0012,3660.23,2025-02-10T13:12:00,payment
TXN_000748,ACCT_0022,327.04,2024-12-16T19:31:00,withdrawal
TXN_000749,ACCT_0045,3707.72,2024-04-27T08:29:00,deposit
TXN_000750,ACCT_0035,782.93,2025-04-26T04:40:00,withdrawal
TXN_000751,ACCT_0021,2843.19,2025-09-07T12:03:00,transfer
TXN_000752,ACCT_0051,2153.40,2025-04-29T06:03:00,withdrawal
TXN_000753,ACCT_0056,119.60,2025-12-01T13:17:00,transfer
TXN_000754,ACCT_0041,884.65,2024-05-25T02:17:00,payment
TXN_000755,ACCT_0006,1495.19,2025-12-30T14:55:00,payment
TXN_000756,ACCT_0034,1074.45,2024-09-22T05:53:00,deposit
TXN_000757,ACCT_0006,4475.31,2025-03-14T10:48:00,transfer
TXN_000758,ACCT_0011,997.03,2025-03-05T15:30:00,withdrawal
TXN_000759,ACCT_0045,2186.74,2025-12-10T18:24:00,deposit
TXN_000760,ACCT_0036,3916.45,2025-09-03T06:04:00,withdrawal
TXN_000761,ACCT_0021,3321.99,2024-11-20T00:09:00,payment
TXN_000762,ACCT_0060,741.70,2024-11-20T03:50:00,payment
TXN_000763,ACCT_0017,2605.86,2024-01-04T14:53:00,withdrawal
TXN_000764,ACCT_0041,2249.40,2025-08-15T03:02:00,withdrawal
TXN_000765,ACCT_0048,4895.26,2025-03-06T22:34:00,withdrawal
TXN_000766,ACCT_0039,1890.90,2024-12-22T06:12:00,deposit
TXN_000767,ACCT_0024,4069.83,2024-01-17T09:57:00,transfer
TXN_000768,ACCT_0033,4096.16,2024-05-07T22:31:00,payment
TXN_000769,ACCT_0027,2054.88,2024-12-26T17:27:00,transfer
TXN_000770,ACCT_0008,4632.11,2025-04-14T13:23:00,withdrawal
TXN_000771,ACCT_0036,2976.48,2025-07-09T13:24:00,transfer
TXN_000772,ACCT_0055,3299.73,2025-11-27T13:40:00,transfer
TXN_000773,ACCT_0045,3103.78,2024-04-11T02:51:00,deposit
TXN_000774,ACCT_0006,3249.87,2025-09-23T13:06:00,payment
TXN_000775,ACCT_0048,3759.88,2025-07-11T03:40:00,payment
TXN_000776,ACCT_0033,2908.26,2024-02-03T21:18:00,payment
TXN_000777,ACCT_0014,1118.28,2025-04-10T17:24:00,deposit
TXN_000778,ACCT_0013,4282.43,2024-05-07T11:50:00,payment
TXN_000779,ACCT_0027,4540.43,2025-10-22T22:50:00,payment
TXN_000780,ACCT_0001,4698.39,2024-08-17T16:18:00,transfer
TXN_000781,ACCT_0057,3295.12,2024-11-10T13:43:00,withdrawal
TXN_000782,ACCT_0001,4501.44,2025-02-28T01:00:00,deposit
TXN_000783,ACCT_0010,3953.60,2025-06-15T23:38:00,transfer
TXN_000784,ACCT_0022,856.20,2025-08-08T13:15:00,payment
TXN_000785,ACCT_0013,3083.26,2025-02-06T01:51:00,payment
TXN_000786,ACCT_0009,4697.26,2025-02-03T23:11:00,payment
TXN_000787,ACCT_0058,1594.03,2024-06-11T13:14:00,deposit
TXN_000788,ACCT_0046,4006.85,2025-05-31T03:40:00,payment
TXN_000789,ACCT_0054,3812.05,2024-09-23T17:10:00,transfer
TXN_000790,ACCT_0014,470.81,2024-01-27T13:00:00,withdrawal
TXN_000791,ACCT_0002,3092.41,2025-07-10T02:36:00,payment
TXN_000792,ACCT_0002,3712.99,2024-05-13T14:40:00,transfer
TXN_000793,ACCT_0012,1202.41,2024-08-15T09:12:00,withdrawal
TXN_000794,ACCT_0047,3901.24,2025-01-22T08:42:00,deposit
TXN_000795,ACCT_0018,419.40,2024-05-27T20:01:00,deposit
TXN_000796,ACCT_0008,2298.34,2025-09-02T03:06:00,withdrawal
TXN_000797,ACCT_0019,1313.66,2024-07-03T02:04:00,payment
TXN_000798,ACCT_0055,1810.18,2024-07-31T12:06:00,payment
TXN_000799,ACCT_0051,114.68,2024-03-16T15:40:00,deposit
TXN_000800,ACCT_0014,3438.25,2025-01-19T10:40:00,payment
TXN_000801,ACCT_0052,809.71,2024-11-01T00:57:00,withdrawal
TXN_000802,ACCT_0043,2838.63,2025-09-13T01:07:00,transfer
TXN_000803,ACCT_0023,2422.14,2025-09-20T19:34:00,deposit
TXN_000804,ACCT_0011,2611.13,2024-09-17T03:12:00,deposit
TXN_000805,ACCT_0035,120.08,2025-06-08T04:13:00,transfer
TXN_000806,ACCT_0008,4493.37,2024-01-31T10:08:00,withdrawal
TXN_000807,ACCT_0006,3640.08,2024-05-09T08:17:00,payment
TXN_000808,ACCT_0013,4766.38,2024-12-22T22:35:00,transfer
TXN_000809,ACCT_0030,3727.25,2025-05-22T13:32:00,payment
TXN_000810,ACCT_0060,969.31,2024-06-26T06:43:00,transfer
TXN_000811,ACCT_0026,518.96,2025-08-24T09:10:00,withdrawal
TXN_000812,ACCT_0047,2441.72,2025-04-01T13:38:00,transfer
TXN_000813,ACCT_0053,1597.15,2024-04-20T19:24:00,payment
TXN_000814,ACCT_0013,2837.87,2025-01-17T20:52:00,deposit
TXN_000815,ACCT_0029,840.41,2024-02-04T16:16:00,payment
TXN_000816,ACCT_0019,3021.39,2025-10-22T16:22:00,payment
TXN_000817,ACCT_0002,577.68,2024-11-26T13:50:00,withdrawal
TXN_000818,ACCT_0023,1230.36,2024-08-08T21:23:00,transfer
TXN_000819,ACCT_0010,3898.68,2024-05-05T00:20:00,deposit
TXN_000820,ACCT_0046,1647.70,2025-04-21T18:50:00,transfer
TXN_000821,ACCT_0058,1167.08,2024-03-08T12:18:00,withdrawal
TXN_000822,ACCT_0034,1091.23,2025-07-28T08:45:00,deposit
TXN_000823,ACCT_0037,4463.86,2025-03-07T21:48:00,payment
TXN_000824,ACCT_0021,4067.91,2024-07-21T06:03:00,payment
TXN_000825,ACCT_0032,238.73,2024-10-08T13:07:00,deposit
TXN_000826,ACCT_0029,859.84,2024-11-30T18:24:00,withdrawal
TXN_000827,ACCT_0037,111.24,2024-01-19T20:50:00,deposit
TXN_000828,ACCT_0059,2311.55,2024-05-14T12:02:00,deposit
TXN_000829,ACCT_0022,3225.65,2024-03-12T15:06:00,payment
TXN_000830,ACCT_0047,1508.49,2024-11-20T11:25:00,deposit
TXN_000831,ACCT_0036,3874.19,2025-05-20T19:03:00,payment
TXN_000832,ACCT_0020,3483.80,2025-04-10T15:54:00,deposit
TXN_000833,ACCT_0054,1872.66,2025-09-24T03:01:00,withdrawal
TXN_000834,ACCT_0004,4128.16,2024-05-22T03:20:00,payment
TXN_000835,ACCT_0015,855.11,2024-07-14T23:57:00,transfer
TXN_000836,ACCT_0053,4514.89,2024-01-06T22:55:00,deposit
TXN_000837,ACCT_0017,4417.18,2024-02-14T03:03:00,transfer
TXN_000838,ACCT_0005,1322.32,2025-12-05T19:50:00,payment
TXN_000839,ACCT_0018,3494.83,2024-05-21T18:29:00,deposit
TXN_000840,ACCT_0009,1600.07,2024-05-31T18:56:00,payment
TXN_000841,ACCT_0041,2236.66,2024-05-05T16:33:00,withdrawal
TXN_000842,ACCT_0037,2392.24,2025-05-16T08:20:00,payment
TXN_000843,ACCT_0015,463.54,2024-10-30T22:05:00,transfer
TXN_000844,ACCT_0036,4178.53,2024-09-05T21:41:00,withdrawal
TXN_000845,ACCT_0045,394.69,2025-05-21T01:13:00,deposit
TXN_000846,ACCT_0043,1084.60,2025-01-29T06:31:00,deposit
TXN_000847,ACCT_0022,1047.26,2025-08-27T16:32:00,transfer
TXN_000848,ACCT_0049,4722.18,2025-12-26T14:41:00,withdrawal
TXN_000849,ACCT_0055,2525.03,2024-05-13T07:58:00,transfer
TXN_000850,ACCT_0025,4875.45,2025-09-27T16:12:00,payment
TXN_000851,ACCT_0013,347.85,2025-03-09T05:43:00,transfer
TXN_000852,ACCT_0056,2888.33,2024-04-14T04:29:00,deposit
TXN_000853,ACCT_0048,555.44,2024-01-17T14:11:00,transfer
TXN_000854,ACCT_0002,2383.82,2025-06-27T14:22:00,transfer
TXN_000855,ACCT_0008,4635.00,2024-03-27T11:27:00,withdrawal
TXN_000856,ACCT_0010,1987.66,2025-03-17T16:21:00,deposit
TXN_000857,ACCT_0029,1366.58,2024-04-10T01:41:00,payment
TXN_000858,ACCT_0047,4640.46,2024-07-17T09:12:00,payment
TXN_000859,ACCT_0012,2972.28,2025-06-26T19:31:00,payment
TXN_000860,ACCT_0007,3407.40,2025-10-23T07:07:00,withdrawal
TXN_000861,ACCT_0008,270.42,2024-02-06T18:17:00,withdrawal
TXN_000862,ACCT_0005,2663.00,2024-10-09T07:56:00,payment
TXN_000863,ACCT_0026,1967.46,2024-08-13T23:52:00,transfer
TXN_000864,ACCT_0032,1032.50,2024-07-27T11:40:00,transfer
TXN_000865,ACCT_0046,2983.59,2024-01-04T03:11:00,payment
TXN_000866,ACCT_0048,1530.09,2025-12-05T07:10:00,transfer
TXN_000867,ACCT_0044,351.93,2024-07-10T10:57:00,payment
TXN_000868,ACCT_0010,4811.40,2025-11-13T15:27:00,transfer
TXN_000869,ACCT_0002,891.69,2024-09-27T02:10:00,deposit
TXN_000870,ACCT_0039,1763.96,2025-04-30T18:00:00,payment
TXN_000871,ACCT_0056,1241.31,2024-04-22T01:52:00,deposit
TXN_000872,ACCT_0037,3401.83,2024-10-24T07:33:00,withdrawal
TXN_000873,ACCT_0049,737.18,2024-04-06T03:19:00,transfer
TXN_000874,ACCT_0029,2455.86,2024-12-25T17:16:00,payment
TXN_000875,ACCT_0017,1824.63,2024-01-14T11:19:00,transfer
TXN_000876,ACCT_0058,2591.57,2025-11-10T19:30:00,deposit
TXN_000877,ACCT_0018,3430.49,2025-10-17T00:09:00,payment
TXN_000878,ACCT_0055,1105.18,2024-05-25T11:31:00,deposit
TXN_000879,ACCT_0016,2890.03,2025-12-13T13:23:00,withdrawal
TXN_000880,ACCT_0048,450.92,2025-01-21T20:06:00,transfer
TXN_000881,ACCT_0057,3136.32,2025-07-11T14:56:00,withdrawal
TXN_000882,ACCT_0017,4552.09,2024-12-23T10:25:00,payment
TXN_000883,ACCT_0018,1550.07,2024-02-12T18:33:00,transfer
TXN_000884,ACCT_0054,3063.78,2025-03-19T14:36:00,transfer
TXN_000885,ACCT_0019,555.40,2024-01-09T15:59:00,withdrawal
TXN_000886,ACCT_0030,3406.21,2025-06-19T09:39:00,withdrawal
TXN_000887,ACCT_0020,2436.69,2024-03-07T09:00:00,payment
TXN_000888,ACCT_0003,1090.54,2025-08-30T03:03:00,payment
TXN_000889,ACCT_0020,30.43,2024-12-26T21:53:00,deposit
TXN_000890,ACCT_0004,1260.91,2024-12-24T09:50:00,withdrawal
TXN_000891,ACCT_0006,3567.42,2024-05-26T23:12:00,payment
TXN_000892,ACCT_0038,4591.71,2024-10-24T07:02:00,payment
TXN_000893,ACCT_0060,1776.39,2025-11-25T20:24:00,payment
TXN_000894,ACCT_0026,4834.70,2024-04-10T08:58:00,transfer
TXN_000895,ACCT_0039,1557.13,2025-07-31T13:43:00,transfer
TXN_000896,ACCT_0052,2892.95,2025-11-30T06:16:00,withdrawal
TXN_000897,ACCT_0027,2773.65,2024-11-04T09:05:00,transfer
TXN_000898,ACCT_0037,4635.96,2025-04-17T17:11:00,payment
TXN_000899,ACCT_0051,4380.23,2025-03-23T03:08:00,payment
TXN_000900,ACCT_0045,1569.74,2025-12-02T22:22:00,payment
TXN_000901,ACCT_0023,2141.21,2025-03-06T13:29:00,deposit
TXN_000902,ACCT_0059,2796.75,2025-03-07T02:48:00,withdrawal
TXN_000903,ACCT_0040,4534.71,2024-09-05T18:32:00,transfer
TXN_000904,ACCT_0009,3106.34,2025-08-02T09:03:00,payment
TXN_000905,ACCT_0009,2017.70,2024-01-07T14:51:00,payment
TXN_000906,ACCT_0054,276.46,2024-02-26T08:53:00,deposit
TXN_000907,ACCT_0022,2973.73,2024-10-24T18:30:00,transfer
TXN_000908,ACCT_0056,309.02,2025-08-21T21:32:00,deposit
TXN_000909,ACCT_0045,1029.30,2024-05-27T17:47:00,payment
TXN_000910,ACCT_0009,1121.60,2025-11-22T20:54:00,withdrawal
TXN_000911,ACCT_0020,3143.06,2024-01-07T15:39:00,withdrawal
TXN_000912,ACCT_0008,340.37,2024-06-05T19:56:00,deposit
TXN_000913,ACCT_0034,488.83,2024-07-28T03:30:00,deposit
TXN_000914,ACCT_0054,2531.49,2025-02-04T01:59:00,deposit
TXN_000915,ACCT_0020,2025.76,2024-07-07T07:53:00,transfer
TXN_000916,ACCT_0053,3065.74,2025-03-25T21:39:00,deposit
TXN_000917,ACCT_0028,735.50,2024-01-23T05:09:00,withdrawal
TXN_000918,ACCT_0011,2560.02,2025-12-17T17:12:00,payment
TXN_000919,ACCT_0031,1453.73,2025-11-14T03:37:00,payment
TXN_000920,ACCT_0024,3340.16,2025-02-04T12:44:00,deposit
TXN_000921,ACCT_0030,2087.40,2025-03-11T04:01:00,transfer
TXN_000922,ACCT_0030,605.03,2025-02-02T00:37:00,transfer
TXN_000923,ACCT_0003,3227.32,2025-11-03T19:28:00,deposit
TXN_000924,ACCT_0059,4535.76,2024-05-22T14:56:00,payment
TXN_000925,ACCT_0018,50.55,2024-06-11T11:32:00,withdrawal
TXN_000926,ACCT_0023,4513.24,2025-06-21T12:32:00,deposit
TXN_000927,ACCT_0012,3281.32,2024-12-26T20:46:00,transfer
TXN_000928,ACCT_0030,3577.34,2024-05-23T08:50:00,transfer
TXN_000929,ACCT_0060,1972.67,2025-10-22T15:24:00,payment
TXN_000930,ACCT_0039,3296.56,2025-08-12T22:59:00,transfer
TXN_000931,ACCT_0009,3490.35,2025-08-25T18:22:00,payment
TXN_000932,ACCT_0005,229.42,2024-06-11T07:06:00,deposit
TXN_000933,ACCT_0032,4671.50,2025-05-02T10:48:00,withdrawal
TXN_000934,ACCT_0050,4043.73,2024-08-30T03:57:00,withdrawal
TXN_000935,ACCT_0047,4462.90,2025-03-06T02:03:00,transfer
TXN_000936,ACCT_0008,191.90,2024-03-15T14:48:00,transfer
TXN_000937,ACCT_0039,3158.31,2024-01-31T05:20:00,deposit
TXN_000938,ACCT_0045,2250.30,2024-05-16T20:36:00,withdrawal
TXN_000939,ACCT_0013,1266.21,2025-03-24T21:18:00,withdrawal
TXN_000940,ACCT_0013,3712.06,2025-03-20T16:51:00,withdrawal
TXN_000941,ACCT_0006,2912.63,2025-10-06T21:06:00,withdrawal
TXN_000942,ACCT_0003,4050.99,2024-01-06T11:49:00,payment
TXN_000943,ACCT_0037,2735.17,2024-03-14T10:11:00,payment
TXN_000944,ACCT_0013,4162.85,2025-08-07T15:32:00,transfer
TXN_000945,ACCT_0023,3094.30,2025-07-26T04:51:00,deposit
TXN_000946,ACCT_0029,2140.42,2025-01-20T02:36:00,deposit
TXN_000947,ACCT_0009,3913.02,2024-11-01T03:07:00,payment
TXN_000948,ACCT_0015,262.14,2025-07-07T10:01:00,withdrawal
TXN_000949,ACCT_0053,4703.38,2024-09-14T12:45:00,transfer
TXN_000950,ACCT_0005,4362.85,2024-06-10T09:04:00,withdrawal
TXN_000951,ACCT_0055,2591.21,2025-09-17T16:19:00,payment
TXN_000952,ACCT_0040,287.96,2025-12-15T03:37:00,payment
TXN_000953,ACCT_0060,4587.37,2024-09-26T20:01:00,deposit
TXN_000954,ACCT_0022,2109.92,2024-07-24T10:56:00,deposit
TXN_000955,ACCT_0009,1025.15,2024-12-03T21:58:00,deposit
TXN_000956,ACCT_0016,2470.31,2025-07-31T19:44:00,deposit
TXN_000957,ACCT_0023,4905.37,2025-03-02T19:47:00,deposit
TXN_000958,ACCT_0057,2759.37,2024-05-12T08:46:00,deposit
TXN_000959,ACCT_0007,182.82,2025-06-03T07:41:00,transfer
TXN_000960,ACCT_0028,2390.57,2024-08-21T00:59:00,deposit
TXN_000961,ACCT_0002,3869.20,2024-07-19T17:38:00,payment
TXN_000962,ACCT_0044,3419.56,2024-01-19T17:30:00,deposit
TXN_000963,ACCT_0025,3829.58,2025-12-13T04:27:00,payment
TXN_000964,ACCT_0036,693.16,2025-03-24T03:57:00,transfer
TXN_000965,ACCT_0023,972.26,2025-03-23T01:15:00,withdrawal
TXN_000966,ACCT_0006,2945.14,2024-08-20T13:47:00,deposit
TXN_000967,ACCT_0052,79.42,2024-09-12T01:04:00,deposit
TXN_000968,ACCT_0009,2195.59,2024-10-16T01:20:00,transfer
TXN_000969,ACCT_0039,3277.77,2024-09-07T09:08:00,payment
TXN_000970,ACCT_0031,3289.63,2025-11-03T02:04:00,transfer
TXN_000971,ACCT_0035,1033.28,2025-12-23T23:52:00,transfer
TXN_000972,ACCT_0058,4575.93,2024-08-13T14:45:00,transfer
TXN_000973,ACCT_0024,3902.14,2024-10-26T20:15:00,transfer
TXN_000974,ACCT_0021,3490.37,2025-05-30T03:03:00,transfer
TXN_000975,ACCT_0058,2057.12,2025-09-28T15:17:00,deposit
TXN_000976,ACCT_0014,4560.69,2025-06-17T07:19:00,withdrawal
TXN_000977,ACCT_0008,1865.09,2024-05-25T01:15:00,payment
TXN_000978,ACCT_0042,3822.14,2024-04-26T00:31:00,deposit
TXN_000979,ACCT_0018,1393.45,2025-01-28T09:52:00,deposit
TXN_000980,ACCT_0004,1399.07,2025-09-16T12:31:00,deposit
TXN_000981,ACCT_0056,1916.03,2025-03-30T01:14:00,withdrawal
TXN_000982,ACCT_0025,926.21,2025-03-17T17:03:00,transfer
TXN_000983,ACCT_0003,2710.04,2024-12-22T00:58:00,transfer
TXN_000984,ACCT_0060,4141.65,2024-09-25T18:13:00,deposit
TXN_000985,ACCT_0022,3630.30,2025-09-28T13:55:00,payment
TXN_000986,ACCT_0051,3647.48,2024-02-28T03:35:00,payment
TXN_000987,ACCT_0047,4662.70,2024-10-21T17:29:00,payment
TXN_000988,ACCT_0037,3597.50,2025-06-15T08:10:00,payment
TXN_000989,ACCT_0030,3729.44,2024-08-31T04:58:00,deposit
TXN_000990,ACCT_0018,3998.95,2024-10-07T02:15:00,transfer
TXN_000991,ACCT_0022,2857.56,2024-02-09T19:17:00,transfer
TXN_000992,ACCT_0018,3297.85,2025-10-30T19:00:00,deposit
TXN_000993,ACCT_0020,2844.36,2024-11-24T08:54:00,withdrawal
TXN_000994,ACCT_0029,2316.31,2025-03-26T00:29:00,deposit
TXN_000995,ACCT_0023,2403.64,2025-07-23T06:26:00,deposit
TXN_000996,ACCT_0038,4694.48,2024-10-10T19:35:00,transfer
TXN_000997,ACCT_0005,2205.00,2024-09-21T08:16:00,payment
TXN_000998,ACCT_0009,1140.96,2024-06-27T04:55:00,deposit
TXN_000999,ACCT_0015,576.66,2024-02-09T05:43:00,payment
TXN_001000,ACCT_0038,1590.09,2025-07-20T22:14:00,deposit
